time_start,time_end,time_peak,date_start,date_end,date_peak,index_start,index_end,index_peak,duration,duration_moderate,duration_strong,duration_severe,duration_extreme,intensity_max,intensity_mean,intensity_var,intensity_cumulative,intensity_max_relThresh,intensity_mean_relThresh,intensity_var_relThresh,intensity_cumulative_relThresh,intensity_max_abs,intensity_mean_abs,intensity_var_abs,intensity_cumulative_abs,category,rate_onset,rate_decline,n_events
723585,723589,723586,1982-02-09,1982-02-13,1982-02-10,39,43,40,5,4,1,0,0,0.5358641604586545,0.3993995821684869,0.07674346936234375,1.9969979108424347,0.31722563466713893,0.1801421897642058,0.07701847748728533,0.900710948821029,13.6999998092651,13.560000228881842,0.07668097299006789,67.80000114440921,Strong,0.32516624829693974,0.0823673901038323,192
723698,723707,723705,1982-06-02,1982-06-11,1982-06-09,152,161,159,10,3,5,2,0,2.286765082293602,1.6575290660139697,0.5324329046673943,16.575290660139697,1.5665804339993983,0.949386707428977,0.520533253874516,9.49386707428977,22.0799999237061,21.17099971771241,0.8148182005617465,211.70999717712408,Severe,0.2145781496208978,0.736474591978105,192
723738,723750,723746,1982-07-12,1982-07-24,1982-07-20,192,204,200,13,8,4,1,0,2.50630656284752,1.6429831768776033,0.5126829987641249,21.358781299408843,1.6976122087048005,0.8112855234453688,0.5172816335203572,10.546711804789794,26.2199993133545,25.219230945293717,0.5931721625711633,327.8500022888183,Severe,0.18240979029289783,0.43616116546187755,192
723803,723814,723806,1982-09-15,1982-09-26,1982-09-18,257,268,260,12,12,0,0,0,1.3691874398747252,1.061211843760942,0.2056246564928278,12.734542125131302,0.644710060857971,0.33637633887669577,0.2029013375640094,4.036516066520349,23.4300003051758,22.927499930063874,0.31102313867819753,275.1299991607665,Moderate,0.19256077144865763,0.06451871142722902,192
723883,723888,723888,1982-12-04,1982-12-09,1982-12-09,337,342,342,6,6,0,0,0,0.8873780790025325,0.8406679065740864,0.03942630726679875,5.044007439444519,0.32658146888979545,0.27219384101131033,0.0424214483869718,1.6331630460678621,16.1200008392334,16.25000031789145,0.10000003179046102,97.50000190734869,Moderate,0.048927228058597644,0.601380080941583,192
723906,723911,723908,1982-12-27,1983-01-01,1982-12-29,360,365,362,6,6,0,0,0,0.7770820389828579,0.5958889312312623,0.12543173227437215,3.575333587387574,0.3847100319401413,0.2069570592654776,0.11639133590324749,1.2417423555928657,14.8900003433228,14.690000057220466,0.17654077086762798,88.1400003433228,Moderate,0.15216320293705082,0.1717061067197935,192
723915,723928,723924,1983-01-05,1983-01-18,1983-01-14,369,382,378,14,9,2,0,1,1.144114172150676,0.4636884981424056,0.3105640051603969,6.491638973993679,0.8593874254534306,0.16461977980653852,0.3115168657309659,2.3046769172915393,14.7200002670288,14.11499990735735,0.3277140274318833,197.6099987030029,Extreme,0.10411966189291605,0.19380340833715337,192
723938,723950,723941,1983-01-28,1983-02-09,1983-01-31,392,404,395,13,3,4,4,0,0.9029171322869374,0.516871460539612,0.2575775012650103,6.719328987014956,0.6648383909656435,0.28595040181730924,0.25365671594387035,3.7173552236250202,14.1499996185303,13.73615382267879,0.27669860121071255,178.56999969482428,Severe,0.17813285883858093,0.0704774689407079,192
723959,723983,723972,1983-02-18,1983-03-14,1983-03-03,413,437,426,25,5,14,3,0,0.8441597129430853,0.4954552488142749,0.2215079296165612,12.386381220356872,0.6163552438058879,0.2642826149232912,0.21797309887156469,6.60706537308228,14.1000003814697,13.748400001525882,0.284389590332382,343.71000003814703,Severe,0.05416908009668613,0.034300846575047124,192
723988,723992,723989,1983-03-19,1983-03-23,1983-03-20,442,446,443,5,1,1,0,3,1.376640428608587,0.9586333532209199,0.39031665671496224,4.7931667661046,1.132387179713044,0.7133161889352945,0.3917901296119123,3.5665809446764722,14.9200000762939,14.52800006866454,0.36007766487757836,72.6400003433227,Extreme,0.5427139255789264,0.3160878521128243,192
724101,724109,724108,1983-07-10,1983-07-18,1983-07-17,555,563,562,9,9,0,0,0,1.6264038744237617,1.2958852208269935,0.16008244895557658,11.662966987442942,0.7783221952377062,0.41194233774711997,0.1757149996606614,3.7074810397240796,25.1499996185303,24.60777748955621,0.2947231616856069,221.4699974060059,Moderate,0.127220140212341,0.7610409833179533,192
724114,724125,724119,1983-07-23,1983-08-03,1983-07-28,568,579,573,12,3,3,6,0,2.472871257771345,1.7566156501467873,0.5334230204808357,21.07938780176145,1.819677808207821,1.1058010747355722,0.5470746918642163,13.269612896826867,26.6000003814697,25.88916667302449,0.5719185996470015,310.6700000762939,Severe,0.4167717375351465,0.3035061819633454,192
724614,724618,724618,1984-12-04,1984-12-08,1984-12-08,1068,1072,1072,5,4,1,0,0,1.2080248857012013,0.9373256279477374,0.18294858185631918,4.686628139738687,0.642774378868813,0.36731607129495353,0.1855359168354936,1.8365803564747676,16.5100002288818,16.3819999694824,0.10225500714930216,81.909999847412,Strong,0.3621658939720018,0.6506476840790665,192
724624,724633,724631,1984-12-14,1984-12-23,1984-12-21,1078,1087,1085,10,9,1,0,0,1.0642751384701938,0.7607854621877902,0.19315938545043276,7.607854621877902,0.5870326472866942,0.26731930425090555,0.1947109545231809,2.6731930425090553,15.5600004196167,15.4,0.2469413832638766,154.0,Strong,0.06318609955061791,0.27268548311887064,192
724904,724938,724927,1985-09-20,1985-10-24,1985-10-13,1358,1392,1381,35,14,15,6,0,2.3669149372414005,1.5520394830926145,0.3966009940198819,54.321381908241506,1.7447090641144456,0.8923852289437169,0.40326444649031085,31.23348301303009,22.3899993896484,22.069999967302596,0.9164310530913129,772.4499988555908,Severe,0.07047399367838093,0.14689066524200162,192
725139,725156,725152,1986-05-13,1986-05-30,1986-05-26,1593,1610,1606,18,4,3,4,7,3.098080889355309,2.159159061746206,0.7429920854330383,38.86486311143171,2.4345166237123905,1.5041397679236643,0.7321211434111741,27.07451582262596,21.3600006103516,19.934444533454055,1.1345101831079136,358.820001602173,Extreme,0.16442831428698562,0.6909447909248144,192
725185,725192,725190,1986-06-28,1986-07-05,1986-07-03,1639,1646,1644,8,8,0,0,0,1.81637727189705,1.4398731652825667,0.19019780543108702,11.518985322260534,0.8798702609154496,0.5200323750895781,0.1795946661839911,4.160259000716625,24.2199993133545,23.692500114440914,0.37086859020469526,189.54000091552732,Moderate,0.14201837315193638,0.2645115093159724,192
725224,725231,725229,1986-08-06,1986-08-13,1986-08-11,1678,1685,1683,8,4,4,0,0,1.2358433503800832,1.0271893149076803,0.1834766611272068,8.217514519261442,0.678387106618537,0.475080662388939,0.18840728794609404,3.800645299111512,25.6700000762939,25.451250076293924,0.19264176585833673,203.6100006103514,Strong,0.13502249664156743,0.2623508353835128,192
725283,725297,725286,1986-10-04,1986-10-18,1986-10-07,1737,1751,1740,15,13,0,0,0,0.9930422572284954,0.7858020372383857,0.16992197907849552,11.787030558575786,0.331549084571094,0.14913538204726748,0.16439795919489542,2.2370307307090123,21.5300006866455,20.9793332417806,0.44168590108225375,314.68999862670904,Moderate,0.09747107909229566,0.028925245721883548,192
725602,725606,725605,1987-08-19,1987-08-23,1987-08-22,2056,2060,2059,5,2,3,0,0,1.5124412151967341,1.2073041265194917,0.2736187653373797,6.036520632597458,0.9282577268538859,0.6248902843844426,0.2737792695974998,3.1244514219222133,25.5699996948242,25.315999984741204,0.2658270456308615,126.57999992370601,Strong,0.2642860863552602,0.8273257364959873,192
725629,725642,725635,1987-09-15,1987-09-28,1987-09-21,2083,2096,2089,14,4,10,0,0,2.051479703313884,1.5761549950782974,0.3334728820506591,22.066169931096162,1.320579861056423,0.8521384568807565,0.3274167210072498,11.929938396330591,23.8799991607666,23.363571575709734,0.4669139396915988,327.0900020599363,Strong,0.22788537900145572,0.17541820396949176,192
725962,725968,725966,1988-08-13,1988-08-19,1988-08-17,2416,2422,2420,7,2,3,2,0,1.7450305995514803,1.4394043870823587,0.35964447257946613,10.075830709576511,1.1727105417558832,0.8670877817039572,0.35791755792622537,6.0696144719277,26.0400009155273,25.761428833007805,0.3103188955991473,180.33000183105463,Severe,0.3006439355591854,0.25857295110821427,192
726164,726168,726167,1989-03-03,1989-03-07,1989-03-06,2618,2622,2621,5,2,2,1,0,0.7240951226720416,0.5175155236350324,0.13481564622503364,2.587577618175162,0.49112951217161793,0.2863032470211088,0.13315966115553501,1.4315162351055442,14.0200004577637,13.80000000000002,0.1484588831228693,69.0000000000001,Severe,0.1395711667691837,0.26672445848407733,192
726183,726195,726188,1989-03-22,1989-04-03,1989-03-27,2637,2649,2642,13,5,4,1,3,1.5159636106031424,0.7618170135098686,0.34905604681209823,9.903621175628292,1.2583870733937879,0.49967749290372304,0.35381089444984987,6.4958074077484,15.25,14.530000099769014,0.32534009575844597,188.89000129699718,Extreme,0.22592525409684974,0.1676951471658563,192
726330,726341,726337,1989-08-16,1989-08-27,1989-08-23,2784,2795,2791,12,3,4,5,0,2.1179262309408315,1.5692846667907967,0.47654138771030474,18.83141600148956,1.5284524240801467,0.9815161212798144,0.47606661326375893,11.778193455357773,26.1200008392334,25.64000002543132,0.4660472034077113,307.68000030517584,Severe,0.23865752978967147,0.33466351372184594,192
726482,726547,726539,1990-01-15,1990-03-21,1990-03-13,2936,3001,2993,66,9,23,22,12,1.7309028126528325,0.7517310668701382,0.25246956547602006,49.614250413429126,1.4877098145023258,0.5144252280219431,0.2505218107229409,33.952065049448244,15.1300001144409,14.044696937907826,0.3137709088565611,926.9499979019165,Extreme,0.025113506856522066,0.13147387611700173,192
726557,726570,726559,1990-03-31,1990-04-13,1990-04-02,3011,3024,3013,14,9,2,2,0,0.887416770972921,0.5331343815781967,0.18814547247618352,7.463881342094753,0.6088390965615496,0.22453446102579935,0.20309037323961548,3.143482454361191,14.8100004196167,14.645714214869894,0.18042473463443992,205.0399990081785,Severe,0.27109310607084575,0.03921147402564776,192
726600,726616,726608,1990-05-13,1990-05-29,1990-05-21,3054,3070,3062,17,6,8,3,0,2.2848035672686073,1.5013213574437916,0.4997755722450639,25.522463076544458,1.6226452858216867,0.847761083599285,0.4917463032130415,14.411938421187845,20.0100002288818,19.222941454719102,0.7610037357684434,326.7900047302247,Severe,0.2484123346463124,0.1899002041305898,192
726901,726914,726907,1991-03-10,1991-03-23,1991-03-16,3355,3368,3361,14,6,5,3,0,0.926686332605664,0.569331340310981,0.19293757460682687,7.970638764353733,0.681290448096469,0.32525815612160336,0.1921850281464219,4.553614185702447,14.3800001144409,14.042142936161593,0.22775862555513768,196.5900011062623,Severe,0.11393157127674988,0.06951381791296818,192
726928,726933,726932,1991-04-06,1991-04-11,1991-04-10,3382,3387,3386,6,4,1,0,1,1.3198044281614418,0.6745955545292786,0.3478401344774226,4.047573327175671,0.9903869875016156,0.3525054336876101,0.3436449297520566,2.1150326021256607,15.5799999237061,14.865000089009618,0.39135440623689655,89.1900005340577,Extreme,0.2588927071165329,0.6541643625788444,192
727064,727073,727071,1991-08-20,1991-08-29,1991-08-27,3518,3527,3525,10,6,4,0,0,1.4647547697983043,1.1107383107733977,0.2185745933487956,11.107383107733977,0.8471607823525531,0.509109719799422,0.20803204389270008,5.09109719799422,25.2299995422363,25.020000076293947,0.16522684629419968,250.20000076293948,Strong,0.11548753973564795,0.28192167195332374,192
727087,727102,727100,1991-09-12,1991-09-27,1991-09-25,3541,3556,3554,16,16,0,0,0,1.3956904858429091,1.1029934960295602,0.11927442072974608,17.647895936472963,0.6676128018286818,0.38354015811795006,0.11183259386503944,6.136642529887201,22.9099998474121,23.047499775886514,0.3180505927483875,368.75999641418423,Moderate,0.047468337062719815,0.2559513350484721,192
727331,727337,727335,1992-05-13,1992-05-19,1992-05-17,3785,3791,3789,7,1,5,1,0,2.1618196675451387,1.6314255785706853,0.39869509632270045,11.419979049994797,1.5137426068706255,0.9952073259837155,0.3994786254614689,6.966451281886009,19.4500007629395,18.81142861502513,0.4260259922688138,131.6800003051759,Severe,0.2796714227852972,0.663382832973,192
727406,727419,727418,1992-07-27,1992-08-09,1992-08-08,3860,3873,3872,14,2,4,5,3,2.8108870303131965,1.8317592134920682,0.5359733830761105,25.644628988888954,2.268902907833013,1.2468848285587149,0.5456339503611611,17.45638759982201,27.2399997711182,26.12857151031494,0.5710873317492429,365.8000011444092,Extreme,0.15302805490893703,1.455173949034587,192
727705,727709,727706,1993-05-22,1993-05-26,1993-05-23,4159,4163,4160,5,5,0,0,0,1.188454654953766,1.0276742848267737,0.09718858923059927,5.138371424133869,0.5243216237714137,0.3642315993770289,0.0965371696305481,1.8211579968851446,19.1299991607666,19.075999450683582,0.1636582340677417,95.37999725341791,Moderate,0.40526698343609385,0.09389409055647897,192
727719,727724,727721,1993-06-05,1993-06-10,1993-06-07,4173,4178,4175,6,1,5,0,0,1.7628805778091383,1.554008575090183,0.3507511514545295,9.324051450541099,1.0511610954039092,0.8401184328140913,0.3462050822449492,5.040710596884548,21.3299999237061,21.178333600362148,0.497038078838498,127.0700016021729,Strong,0.4963455434114259,0.1907487357784439,192
728009,728018,728016,1994-03-22,1994-03-31,1994-03-29,4463,4472,4470,10,6,2,1,1,1.1762405905797717,0.548292693988522,0.2699272662676945,5.482926939885219,0.9124518548288556,0.2912385719053054,0.26728306185326256,2.912385719053054,14.9700002670288,14.269999885559068,0.30854503051945886,142.69999885559068,Extreme,0.14038212971690042,0.3814449612489604,192
728110,728128,728121,1994-07-01,1994-07-19,1994-07-12,4564,4582,4575,19,6,13,0,0,2.398064234640554,1.8834328981653752,0.31167985807681986,35.78522506514213,1.4891609314949186,0.9784684626477206,0.31591831394726344,18.59090079030669,25.5699996948242,24.867894624408915,0.5922621739048565,472.4899978637694,Strong,0.11703047489874176,0.1594441262977175,192
728133,728151,728136,1994-07-24,1994-08-11,1994-07-27,4587,4605,4590,19,2,7,7,3,2.4654282025532446,1.8573923704760429,0.4681835811318438,35.290455039044815,1.7941928002141623,1.255337771171223,0.4691973760121927,23.85141765225324,26.5499992370605,26.12052626358836,0.4733138866574338,496.2899990081788,Extreme,0.4513581011339305,0.1474264837891186,192
728260,728278,728270,1994-11-28,1994-12-16,1994-12-08,4714,4732,4724,19,17,0,0,0,1.0680254960527993,0.7501382404379825,0.22834339634093442,14.252626568321666,0.502774989220411,0.1929662591127871,0.23306484217805323,3.6663589231429548,16.3700008392334,16.138421309621705,0.42295036329396335,306.6300048828124,Moderate,0.04048829707692427,0.05333163726027291,192
728292,728296,728293,1994-12-30,1995-01-03,1994-12-31,4746,4750,4747,5,1,4,0,0,1.0685769260940408,0.7581688909293505,0.21941796188829993,3.790844454646752,0.6950326519627517,0.39294198743760483,0.2109133908008009,1.9647099371880241,15.1000003814697,14.75200004577638,0.2614880677632557,73.7600002288819,Strong,0.4038425121139202,0.21689481596827168,192
728420,728424,728421,1995-05-07,1995-05-11,1995-05-08,4874,4878,4875,5,3,2,0,0,1.3034011281623563,1.0351675212557907,0.20051675466322552,5.175837606278954,0.7466444446194132,0.46779323577879167,0.21241256469821396,2.3389661788939584,17.6399993896484,17.47399978637694,0.09372264216860485,87.3699989318847,Strong,0.6688380033314706,0.3740689961037046,192
728493,728519,728503,1995-07-19,1995-08-14,1995-07-29,4947,4973,4957,27,10,8,9,0,2.412952758125936,1.5350967596095388,0.45910005195660947,41.44761250945755,1.7770966806719812,0.9014719914079689,0.4660678614917863,24.339743768015158,26.5799999237061,25.723333429407187,0.5065131654090953,694.530002593994,Severe,0.1293437819219529,0.1005544511645103,192
728819,728826,728822,1996-06-09,1996-06-16,1996-06-12,5273,5280,5276,8,4,4,0,0,1.9732730307429946,1.4172776265828686,0.4623155555751859,11.338221012662949,1.2399359795355487,0.6814997826853029,0.461288618277563,5.451998261482423,22.1100006103516,21.61124992370604,0.5580868821410152,172.88999938964832,Strong,0.3742346528657592,0.25220469486036223,192
729068,729116,729091,1997-02-13,1997-04-02,1997-03-08,5522,5570,5545,49,28,13,6,1,1.0173085933610526,0.46368744103637044,0.2083613205801467,22.72068461078215,0.7795163185365812,0.22443320241078527,0.207840978083973,10.997226918128478,14.3400001525879,13.863469396318715,0.31568226590577103,679.310000419617,Extreme,0.030736016083394553,0.030692103895282014,192
729188,729194,729193,1997-06-13,1997-06-19,1997-06-18,5642,5648,5647,7,5,2,0,0,1.7480642152501105,1.428950705143126,0.20157515283727423,10.002654936001882,0.9828382922756944,0.6750413077218269,0.20116784684274303,4.725289154052788,22.5699996948242,22.022857121058873,0.3139475883183126,154.1599998474121,Strong,0.1440309040844073,0.9554370920810294,192
729255,729263,729261,1997-08-19,1997-08-27,1997-08-25,5709,5717,5715,9,7,2,0,0,1.293129848317033,0.9680228817815603,0.20011737096237997,8.712205936034042,0.691806731685535,0.37521843175306874,0.18917789852536188,3.3769658857776186,25.1800003051758,24.964444266425232,0.11653448619900038,224.6799983978271,Strong,0.11087542749021696,0.37647548173280326,192
729293,729313,729307,1997-09-26,1997-10-16,1997-10-10,5747,5767,5761,21,16,5,0,0,1.8581037489092367,1.1259291288001785,0.3258368238778632,23.644511704803747,1.221225147862551,0.4596220441311359,0.33751753878492463,9.652062926753853,22.1399993896484,21.738095147269114,0.5433197131699706,456.49999809265137,Strong,0.07740616454253192,0.19844305758344688,192
729400,729409,729407,1998-01-11,1998-01-20,1998-01-18,5854,5863,5861,10,9,1,0,0,0.5507532930277943,0.4234030908378765,0.07464085266714951,4.234030908378765,0.2811288495217745,0.143887319257189,0.08158217564933146,1.43887319257189,14.0299997329712,13.965000152587887,0.06726819962811721,139.65000152587888,Strong,0.029825485881335347,0.07796199541633157,192
729445,729451,729446,1998-02-25,1998-03-03,1998-02-26,5899,5905,5900,7,3,2,2,0,0.7929399815777209,0.5258414542723858,0.18008235033666037,3.680890179906701,0.5668705478790965,0.2994240448771531,0.18036444367389332,2.0959683141400713,13.9799995422363,13.740000043596542,0.15856479066315848,96.1800003051758,Severe,0.2182050957327757,0.11551993453324191,192
729464,729468,729465,1998-03-16,1998-03-20,1998-03-17,5918,5922,5919,5,2,3,0,0,0.5462046854208875,0.458933853653107,0.10189419129208062,2.294669268265535,0.3012907951109103,0.21421931112965886,0.10150406302447337,1.0710965556482943,14.0200004577637,13.955999946594241,0.07525960076586766,69.7799997329712,Strong,0.12333312702591037,0.07919794738708827,192
729517,729525,729523,1998-05-08,1998-05-16,1998-05-14,5971,5979,5977,9,3,0,4,2,2.8076047611215316,1.7320105527359648,0.7567908353370345,15.588094974623683,2.1889681354645987,1.134931875386118,0.747923791322671,10.21438687847506,19.7700004577637,18.484444512261287,0.8870815836954922,166.3600006103516,Extreme,0.34153182127311127,0.8525414883566207,192
729616,729621,729617,1998-08-15,1998-08-20,1998-08-16,6070,6075,6071,6,6,0,0,0,1.1188390026039947,0.9505929004866177,0.17273170040209193,5.7035574029197065,0.5483878227972703,0.3762260375484446,0.172173886582306,2.2573562252906676,25.4500007629395,25.22000026702882,0.1665338465120396,151.3200016021729,Moderate,0.37335625567778763,0.101229124602033,192
729845,729851,729850,1999-04-01,1999-04-07,1999-04-06,6299,6305,6304,7,2,1,1,3,1.7741495717314635,1.0336380510337402,0.5565022849641503,7.235466357236181,1.4658713125413154,0.7399170835995902,0.5423865162283134,5.179419585197131,15.8500003814697,15.032857213701515,0.6317033910638994,105.2300004959106,Extreme,0.2811856854242167,0.6741793755107738,192
730006,730012,730009,1999-09-09,1999-09-15,1999-09-12,6460,6466,6463,7,6,1,0,0,1.415528974440626,1.1569040451573456,0.2123973071123235,8.09832831610142,0.7209040241857245,0.45947504702800707,0.2111767754475793,3.2163253291960494,23.9500007629395,23.692857469831182,0.1373958157564116,165.85000228881827,Strong,0.2792471414370889,0.12049187671723008,192
730018,730031,730023,1999-09-21,1999-10-04,1999-09-26,6472,6485,6477,14,12,2,0,0,1.4957383165360376,1.1427301100432228,0.24692634954731046,15.998221540605119,0.7696778082078701,0.4300277622064633,0.24735671352413263,6.020388670890487,22.9300003051758,22.455000059945235,0.36068888034972524,314.3700008392333,Strong,0.13959115985537257,0.0883858326565195,192
730036,730044,730039,1999-10-09,1999-10-17,1999-10-12,6490,6498,6493,9,9,0,0,0,0.8903556566721065,0.7701322682692349,0.07594738157002932,6.931190414423114,0.2635483895578723,0.1462225527746431,0.07164253081115089,1.3160029749717879,21.0,20.793333689371753,0.26679152394966626,187.1400032043458,Moderate,0.06863844627101859,0.07476465251700662,192
730159,730165,730165,2000-02-09,2000-02-15,2000-02-15,6613,6619,6619,7,7,0,0,0,0.40066903515397634,0.35948826541319867,0.05364724031389945,2.5164178578923906,0.17874214418475987,0.1396038310319138,0.05333702603010798,0.9772268172233964,13.5500001907349,13.517142977033359,0.05337576427225384,94.62000083923351,Moderate,0.07962372446057404,0.17860020077385386,192
730191,730196,730191,2000-03-12,2000-03-17,2000-03-12,6645,6650,6645,6,4,2,0,0,0.5675706772330944,0.4034605848163606,0.1074067965637963,2.4207635088981636,0.3256450037802008,0.15930101948397102,0.10849062418335365,0.9558061169038261,13.9499998092651,13.829999923706033,0.09110444954330574,82.9799995422362,Strong,0.6139936480130075,0.07315431977168368,192
730253,730258,730257,2000-05-13,2000-05-18,2000-05-17,6707,6712,6711,6,2,3,1,0,2.1618196675451387,1.4194931846861827,0.42535986049672986,8.516959108117096,1.5137426068706255,0.7871185887244518,0.42056630451875787,4.722711532346711,19.4500007629395,18.545000394185397,0.504636811316361,111.27000236511239,Severe,0.3863379877267082,1.159387931610541,192
730278,730295,730288,2000-06-07,2000-06-24,2000-06-17,6732,6749,6742,18,17,1,0,0,1.6612565748153223,1.1516505770169339,0.22821301578716702,20.72971038630481,0.9021942384781454,0.39348739842788244,0.21867972141238037,7.082773171701884,22.3700008392334,21.683888965182838,0.7019189952309792,390.3100013732911,Strong,0.09307443635854996,0.14050178227127005,192
730354,730362,730358,2000-08-22,2000-08-30,2000-08-26,6808,6816,6812,9,7,2,0,0,1.5128221531202755,1.0616756909660106,0.2332094806801643,9.555081218694095,0.903483975318192,0.45088173924382996,0.22860841727355602,4.05793565319447,25.3400001525879,24.88222228156197,0.23672669641939462,223.94000053405773,Strong,0.21824957728421326,0.18181190959548724,192
730460,730470,730462,2000-12-06,2000-12-16,2000-12-08,6914,6924,6916,11,8,3,0,0,1.1680239701739001,0.8743379099734675,0.21707620551467194,9.617717009708143,0.6027734633415118,0.32987980716738413,0.218127770796392,3.6286778788412253,16.4699993133545,15.977272813970382,0.30355730492606015,175.7500009536742,Strong,0.25514062103700147,0.08156679225366717,192
730476,730481,730478,2000-12-22,2000-12-27,2000-12-24,6930,6935,6932,6,5,1,0,0,1.0575106693191891,0.7218768846260168,0.20885724589128998,4.331261307756101,0.6061931456289287,0.2772578957260358,0.19817791627039646,1.6635473743562148,15.3999996185303,15.041666507720947,0.2642230145661337,90.24999904632568,Strong,0.1908449873009001,0.19731427516480768,192
730631,730638,730634,2001-05-26,2001-06-02,2001-05-29,7085,7092,7088,8,5,3,0,0,1.528900501378331,1.2232742917583423,0.21567925928662685,9.786194334066739,0.852000476468028,0.5471532221763353,0.213604320680683,4.377225777410683,20.1100006103516,19.858750104904175,0.3554025163591354,158.8700008392334,Strong,0.3036225195270162,0.15021266480382778,192
730696,730700,730699,2001-07-30,2001-08-03,2001-08-02,7150,7154,7153,5,4,1,0,0,1.2066781491262724,0.9695621197327113,0.17323025105535308,4.847810598663557,0.6316776275634375,0.38030941624794606,0.18823961003332082,1.9015470812397304,25.5100002288818,25.23999977111816,0.2089978828873503,126.1999988555908,Strong,0.21927294167138203,0.391064792371715,192
730716,730728,730720,2001-08-19,2001-08-31,2001-08-23,7170,7182,7174,13,6,7,0,0,1.747925391707433,1.2874042669498957,0.3217967792082635,16.736255470348645,1.1584515848467483,0.6809624778425662,0.3245845838565012,8.85251221195336,25.75,25.161538197444024,0.38456427719985564,327.0999965667723,Strong,0.26233020811505825,0.15607620630677843,192
730775,730797,730792,2001-10-17,2001-11-08,2001-11-03,7229,7251,7246,23,15,7,0,0,1.5559949570826923,0.9754455311348454,0.3531490672570466,22.435247216101445,0.989290015928237,0.401009724685209,0.3593455280877059,9.223223667759807,19.7399997711182,19.689999953560196,0.4844449117621973,452.86999893188454,Strong,0.052444024798131955,0.1473215321526621,192
730929,730935,730929,2002-03-20,2002-03-26,2002-03-20,7383,7389,7383,7,3,4,0,0,0.7266408100783881,0.5375682549747575,0.11109507533090401,3.7629777848233026,0.4823875611828452,0.28882959339476855,0.11468339041448049,2.0218071537633797,14.2700004577637,14.160000119890501,0.0641427643281328,99.12000083923351,Strong,0.8857418348291741,0.07017025892437431,192
731017,731030,731025,2002-06-16,2002-06-29,2002-06-24,7471,7484,7479,14,3,2,3,6,3.9908181920572616,2.7372195390421488,0.9423012668028925,38.321073546590085,3.1527089026666637,1.9183040838637262,0.9632368116556782,26.856257174092168,25.4699993133545,24.048571450369703,0.9031677550352291,336.68000030517584,Extreme,0.3668515826558399,0.5704159946124979,192
731131,731140,731139,2002-10-08,2002-10-17,2002-10-16,7585,7594,7593,10,10,0,0,0,1.1653510704732035,0.8678721349251439,0.15142429328442542,8.67872134925144,0.5531615472609204,0.24105141301309665,0.15980449486845522,2.4105141301309665,20.9300003051758,20.93399982452393,0.19632625642689322,209.3399982452393,Moderate,0.05647788623982229,0.3641337728812554,192
731181,731189,731183,2002-11-27,2002-12-05,2002-11-29,7635,7643,7637,9,9,0,0,0,0.9370537643925871,0.743663778933798,0.07961945106828792,6.692974010404182,0.3606449373306688,0.169441000962353,0.07878455379618177,1.5249690086611771,16.9099998474121,16.563333511352543,0.22691145562920895,149.07000160217288,Moderate,0.12554303027335295,0.0941355800795758,192
731195,731199,731199,2002-12-11,2002-12-15,2002-12-15,7649,7653,7653,5,5,0,0,0,0.6789383787962127,0.6404858102482176,0.03624636172427095,3.2024290512410882,0.1619681204519292,0.10873560997747304,0.04582724883239671,0.5436780498873652,15.5200004577637,15.608000183105457,0.06209657199029573,78.04000091552729,Moderate,0.028721271770153538,0.35918730431312795,192
731209,731221,731217,2002-12-25,2003-01-06,2003-01-02,7663,7675,7671,13,9,2,2,0,1.1649122453767742,0.7283318012300756,0.2514121118103274,9.468313415990982,0.8081289076036242,0.35022827910429644,0.26046355928046766,4.552967628355853,15.1199998855591,14.768461520855233,0.2734636230044606,191.98999977111802,Severe,0.08506147549636106,0.19816180863735688,192
731237,731241,731238,2003-01-22,2003-01-26,2003-01-23,7691,7695,7692,5,5,0,0,0,0.4764956088431198,0.3844350745547153,0.07995077333099364,1.9221753727735766,0.2225810943111064,0.13160021258937887,0.0787983754794197,0.6580010629468944,13.8500003814697,13.740000152587879,0.09838728490470956,68.7000007629394,Moderate,0.16318755949766128,0.07226895915678126,192
731339,731349,731348,2003-05-04,2003-05-14,2003-05-13,7793,7803,7802,11,7,4,0,0,1.5251303462751267,1.0869818612280273,0.22229438838044374,11.9568004735083,0.9186442282891996,0.5154895256691432,0.21729946737954692,5.670384782360575,18.3799991607666,17.53272715481846,0.42475852744816905,192.85999870300307,Strong,0.08781998867460877,0.5477968416922323,192
731367,731397,731386,2003-06-01,2003-07-01,2003-06-20,7821,7851,7840,31,1,0,7,23,4.7441455976022695,3.7336535594059206,0.80232601192476,115.74326034158354,3.963678187708666,2.9588325135293507,0.7892851584564126,91.72380791940988,25.7900009155273,24.3125807854437,1.5239316595599737,753.6900043487547,Extreme,0.19348877854011276,0.24449193451479506,192
731406,731458,731434,2003-07-10,2003-08-31,2003-08-07,7860,7912,7888,53,20,7,2,23,3.2421736698220904,1.9470415434196329,0.7601471536960165,103.19320180124055,2.6992255549276933,1.2822191622659151,0.8272996840120568,67.9576156000935,27.6599998474121,25.918679327334992,0.9768278491600528,1373.6900043487547,Extreme,0.08455859810191002,0.1204447406597214,192
731469,731482,731478,2003-09-11,2003-09-24,2003-09-20,7923,7936,7932,14,11,2,0,0,1.7544926454701901,1.124632877994317,0.31716805930347836,15.744860291920439,1.024193449943283,0.40821204822734913,0.3125462699406375,5.714968675182888,23.6599998474121,23.226428576878153,0.3831935758131894,325.1700000762941,Strong,0.11013009319931207,0.2163602121103819,192
731539,731545,731543,2003-11-20,2003-11-26,2003-11-24,7993,7999,7997,7,7,0,0,0,0.9579012792122938,0.8278523640765039,0.09322995698281156,5.794966548535527,0.3978708451794475,0.26889417797738246,0.09265650655594247,1.8822592458416771,17.3299999237061,17.2828573499407,0.1795802435070493,120.98000144958489,Moderate,0.06374149836594493,0.11188191413093591,192
731832,731840,731838,2004-09-08,2004-09-16,2004-09-14,8286,8294,8292,9,9,0,0,0,1.1058292799098233,0.8731105459851847,0.12737010313548333,7.857994913866662,0.4058705606767994,0.1744087301274817,0.12500127302846534,1.5696785711473353,23.4799995422363,23.410000059339737,0.16431638806553212,210.69000053405762,Moderate,0.0777760890225095,0.2115099592471971,192
731861,731865,731863,2004-10-07,2004-10-11,2004-10-09,8315,8319,8317,5,5,0,0,0,1.0827062192183483,0.9090778784246858,0.14926467477696165,4.545389392123429,0.4382588048135574,0.26369051287252676,0.1575713188919026,1.3184525643626337,21.4500007629395,21.276000213623057,0.10744328735587486,106.38000106811529,Moderate,0.174644863301657,0.14621119333917534,192
731888,731904,731894,2004-11-03,2004-11-19,2004-11-09,8342,8358,8348,17,6,3,8,0,2.029931880395335,1.46723697229208,0.44833598079448234,24.94302852896536,1.465613162133014,0.9062352522500855,0.4448854666915987,15.405999288251454,19.6800003051758,18.945294099695555,0.8563267433748031,322.06999969482445,Severe,0.1443998737078487,0.1394160755633089,192
731925,731946,731927,2004-12-10,2004-12-31,2004-12-12,8379,8400,8381,22,22,0,0,0,0.9593439266652641,0.7884508820376588,0.08707500951970154,17.345919404828493,0.41974166131792856,0.31590469827400464,0.06326253185602375,6.9499033620281025,15.9899997711182,15.338636398315428,0.4107343202292894,337.4500007629394,Moderate,0.1610624391767491,0.023405175427848774,192
731954,731970,731968,2005-01-08,2005-01-24,2005-01-22,8408,8424,8422,17,8,5,2,0,0.8169404117404646,0.5456638030659529,0.1754202186251115,9.276284652121198,0.5601936647969215,0.26629045240341115,0.18145559303362893,4.52693769085799,14.210000038147,14.081176533418542,0.18342756593505896,239.3800010681152,Severe,0.0352538498295497,0.17510630202226843,192
731977,731982,731980,2005-01-31,2005-02-05,2005-02-03,8431,8436,8434,6,1,4,1,0,0.6968868331484561,0.5620637795624942,0.14102671260015337,3.372382677374965,0.4667741221766253,0.33074209767003077,0.1438680901643212,1.9844525860201845,13.9099998474121,13.781666755676264,0.12979673062465988,82.69000053405759,Severe,0.13437063417684694,0.1253498911382433,192
732069,732077,732072,2005-05-03,2005-05-11,2005-05-06,8523,8531,8526,9,5,4,0,0,1.618394825797143,1.0709815696099065,0.3726004982093246,9.63883412648916,1.0728388324860205,0.5151327516015658,0.38448031252663506,4.636194764414093,17.7600002288818,17.31555578443739,0.30081810869411285,155.8400020599365,Strong,0.4021385390442886,0.21440627918167332,192
732092,732105,732096,2005-05-26,2005-06-08,2005-05-30,8546,8559,8550,14,1,4,7,2,3.0324024762934556,2.15687989467911,0.5627325638066579,30.196318525507536,2.352579842844321,1.4686773352908677,0.562562444129561,20.561482694072147,21.7199993133545,21.12000002179827,0.7157813415900017,295.6800003051758,Extreme,0.4824847309267402,0.2541000849341597,192
732115,732129,732124,2005-06-18,2005-07-02,2005-06-27,8569,8583,8578,15,3,4,7,1,3.5024340355142165,2.531453589700813,0.8248265609239481,37.9718038455122,2.62703151087603,1.6839439999159886,0.8232906033768803,25.25915999873983,25.2999992370605,24.10999997456867,0.9609231139359095,361.64999961853005,Extreme,0.2639762770845053,0.4750438691463175,192
732246,732271,732265,2005-10-27,2005-11-21,2005-11-15,8700,8725,8719,26,8,8,8,1,2.274230014830593,1.3803901845902042,0.4721011915882953,35.89014479934531,1.7174835205078374,0.8182604763703062,0.4739069191698124,21.274772385627962,19.3999996185303,19.081538420457107,0.6206863771934192,496.1199989318848,Extreme,0.08155084809512794,0.2671286780541611,192
732420,732438,732433,2006-04-19,2006-05-07,2006-05-02,8874,8892,8887,19,3,4,11,1,2.0555890540322768,1.5350044691551548,0.5331032446897054,29.16508491394794,1.5230320715135548,1.047439568394923,0.495302611261183,19.901351799503537,17.8299999237061,16.99368411616276,0.9138767305781137,322.87999820709246,Extreme,0.1269730657206091,0.20144373106079397,192
732444,732451,732447,2006-05-13,2006-05-20,2006-05-16,8898,8905,8901,8,5,3,0,0,1.7506837862059221,1.1592105347927717,0.3334961671461939,9.273684278342174,1.1127744243991096,0.5199678413329369,0.34043606653928987,4.1597427306634955,18.9300003051758,18.39375019073485,0.30838035958664317,147.1500015258788,Strong,0.27639583050107724,0.29698446112073995,192
732486,732527,732518,2006-06-24,2006-08-04,2006-07-26,8940,8981,8972,42,9,11,14,8,3.760642883176825,2.5244950707473826,0.8209410992920532,106.02879297139008,3.068515383812638,1.7132642353368408,0.8448527509428266,71.95709788414732,27.7999992370605,25.727857181004115,1.4712764905386144,1080.5700016021729,Extreme,0.08542123233218937,0.3526814513393434,192
732594,732603,732601,2006-10-10,2006-10-19,2006-10-17,9048,9057,9055,10,7,3,0,0,1.3610979757574597,0.9939288515821932,0.26445928161084126,9.939288515821932,0.7552266643892942,0.37731639615950885,0.2712264926575984,3.7731639615950883,21.0400009155273,20.888000297546377,0.23638141554455777,208.88000297546378,Strong,0.12275902995531543,0.3437060792353194,192
732607,732636,732615,2006-10-23,2006-11-21,2006-10-31,9061,9090,9069,30,7,20,3,0,1.9983675515923736,1.3107164756042906,0.29254420718139473,39.32149426812872,1.431226533459121,0.7466946493169322,0.2907399898061731,22.400839479507965,20.4500007629395,19.18866672515869,0.8434758496354804,575.6600017547607,Severe,0.14125856716656107,0.05816157702171302,192
732642,732698,732649,2006-11-27,2007-01-22,2006-12-04,9096,9152,9103,57,18,32,4,3,1.9305155307550041,0.9921590080139381,0.3306985206498883,56.55306345679447,1.356903666834711,0.5627911685345613,0.28073752811521835,32.079096606469996,17.5200004577637,15.455263154548508,1.0483639138644003,880.9499998092649,Extreme,0.14964265014712672,0.03573328593894165,192
732703,732713,732706,2007-01-27,2007-02-06,2007-01-30,9157,9167,9160,11,8,2,1,0,0.7602621329190455,0.4309652222216751,0.13842195847040223,4.740617444438426,0.5190327552057372,0.19547227596608366,0.13466943225782388,2.15019503562692,14.0200004577637,13.670000076293956,0.15690189914361402,150.3700008392335,Severe,0.15048790064080286,0.07660152498312271,192
732717,732724,732722,2007-02-10,2007-02-17,2007-02-15,9171,9178,9176,8,8,0,0,0,0.4306687681251766,0.35131320649318165,0.060824200313698354,2.810505651945453,0.20874187715596015,0.1304841310747209,0.060908186939628774,1.0438730485977672,13.5799999237061,13.505000233650213,0.06082755749440655,108.0400018692017,Moderate,0.032234110881538734,0.16311671563008154,192
732728,732735,732734,2007-02-21,2007-02-28,2007-02-27,9182,9189,9188,8,3,5,0,0,0.6632122969445877,0.49916736665851436,0.11372234468704376,3.993338933268115,0.43751582484086526,0.2731208655141881,0.11379442090448481,2.184966924113505,13.8599996566772,13.676249861717213,0.1300901661935862,109.40999889373771,Strong,0.06777375328315134,0.1815449100844718,192
732744,732753,732751,2007-03-09,2007-03-18,2007-03-16,9198,9207,9205,10,4,0,2,4,1.216686294458663,0.7600841623113114,0.36235937348997393,7.600841623113114,0.9712904099494679,0.5171386429571335,0.36022962142005405,5.171386429571335,14.6700000762939,14.170999908447271,0.4026773346147426,141.7099990844727,Extreme,0.13817949246997258,0.3036469000516259,192
732772,732824,732820,2007-04-06,2007-05-28,2007-05-24,9226,9278,9274,53,7,12,14,18,4.471170441836708,1.875930166446852,1.0067754376384765,99.42429882168315,3.8065809803624546,1.3659803528649272,0.976096336493179,72.39695870184114,22.5200004577637,17.83754706832598,1.8895151761867368,945.3899946212769,Extreme,0.08425532322940649,0.8564793118088647,192
733164,733177,733170,2008-05-02,2008-05-15,2008-05-08,9618,9631,9624,14,5,5,4,0,1.9834014333381589,1.3998491789090282,0.41514194188564413,19.597888504726395,1.4266447497952157,0.8294884571831245,0.43176000767788897,11.612838400563742,18.3199996948242,17.800714356558654,0.45335985628887815,249.21000099182118,Severe,0.22752021875668993,0.16845690143536463,192
733214,733228,733223,2008-06-21,2008-07-05,2008-06-30,9668,9682,9677,15,3,3,5,4,4.722459541531389,2.857516903127534,1.06939723944751,42.86275354691301,3.8134838227303263,1.9767784266318116,1.0436504981479278,29.651676399477175,26.8299999237061,24.74866663614909,1.343184472351997,371.2299995422363,Extreme,0.3787551832229554,0.6349747697562038,192
733253,733260,733257,2008-07-30,2008-08-06,2008-08-03,9707,9714,9711,8,3,3,2,0,2.0981723228355555,1.3995298435028412,0.49656450178747186,11.19623874802273,1.533613168039647,0.8247175201292838,0.49054618783260623,6.59774016103427,26.4300003051758,25.711249828338612,0.4761945555548145,205.6899986267089,Severe,0.3208778379212376,0.44229702662018205,192
733358,733376,733363,2008-11-12,2008-11-30,2008-11-17,9812,9830,9817,19,17,1,0,0,1.2255894514445913,0.9268170682197927,0.1536788223300426,17.609524296176062,0.6719357767412895,0.36521592034953704,0.15509507720325075,6.939102486641204,18.1800003051758,17.55368453577945,0.5178822917897987,333.5200061798095,Strong,0.13108269972356626,0.0726631021225938,192
733507,733513,733512,2009-04-10,2009-04-16,2009-04-15,9961,9967,9966,7,2,4,0,1,1.5218738201946067,0.8907481656862076,0.3015209515106287,6.235237159803454,1.1638056785829125,0.5444514718473028,0.29276992445166306,3.8111603029311194,16.0499992370605,15.309999874659932,0.3902012034223629,107.16999912261952,Extreme,0.2050539454325471,0.7321327611384465,192
733533,733540,733540,2009-05-06,2009-05-13,2009-05-13,9987,9994,9994,8,7,1,0,0,1.1851321010358262,0.9101036584093136,0.18386818203868285,7.280829267274509,0.5786459830498991,0.33688690970020696,0.18551857587338608,2.6950952776016557,18.0400009155273,17.402499914169315,0.29469284238927573,139.21999931335452,Strong,0.08526347836063622,1.0175286369113934,192
733544,733562,733547,2009-05-17,2009-06-04,2009-05-20,9998,10016,10001,19,7,1,3,8,3.673704923171776,2.161461225769134,0.913222500684413,41.067763289613545,3.0132911436018865,1.4912629760586684,0.9179474772562949,28.3339965451147,21.2900009155273,20.42210518686395,0.9214322977538313,388.01999855041504,Extreme,0.8507009786223273,0.19462509217313878,192
733571,733579,733576,2009-06-13,2009-06-21,2009-06-18,10025,10033,10030,9,4,5,0,0,2.2480642152501105,1.6645803525240117,0.3550733831492102,14.981223172716106,1.4828382922756944,0.9035838903064707,0.3514412460628802,8.132255012758236,23.0699996948242,22.371110916137678,0.5241170700664883,201.3399982452391,Strong,0.23948555357615253,0.3865292108228116,192
733589,733594,733594,2009-07-01,2009-07-06,2009-07-06,10043,10048,10048,6,6,0,0,0,1.7199831088509718,1.3956315719230112,0.24665999125363675,8.373789431538068,0.7815480139947937,0.46149452168454275,0.24060825507968656,2.7689671301072565,24.3999996185303,23.84333324432373,0.39990289134570833,143.05999946594238,Moderate,0.17686720740395437,1.1882115266621192,192
733633,733654,733647,2009-08-14,2009-09-04,2009-08-28,10087,10108,10101,22,4,7,6,5,2.6391271367020472,1.8291356350670271,0.5178299697836197,40.2409839714746,2.013290417578933,1.220084977359722,0.5205716097271927,26.841869501913884,26.3400001525879,25.70318178697066,0.624830019405822,565.4699993133545,Extreme,0.141666325104424,0.2226892106021559,192
733661,733665,733664,2009-09-11,2009-09-15,2009-09-14,10115,10119,10118,5,5,0,0,0,1.1058292799098233,0.9812729149745231,0.13105426206940846,4.906364574872615,0.4058705606767994,0.28286463091449365,0.1290439911727949,1.4143231545724682,23.4799995422363,23.43600006103514,0.08236514783852893,117.18000030517571,Moderate,0.14073480948217057,0.28801437920250095,192
733671,733717,733688,2009-09-21,2009-11-06,2009-10-08,10125,10171,10142,47,17,25,5,0,2.427535054701437,1.469468335970793,0.44484744284517275,69.06501179062727,1.7745152750322895,0.83688669721804,0.4227449189776259,39.33367476924788,22.8799991607666,21.386170164067696,1.400210510572253,1005.1499977111818,Severe,0.10425994691681433,0.0654056700674974,192
733731,733736,733734,2009-11-20,2009-11-25,2009-11-23,10185,10190,10188,6,6,0,0,0,0.8465982396688752,0.7577736696647452,0.061138181524012805,4.5466420179884715,0.28870887141069446,0.20001110569125005,0.0595030080468064,1.2000666341475004,17.2999992370605,17.253333727518733,0.10290216959145328,103.5200023651124,Moderate,0.15015259559228106,0.06730358131808245,192
733888,733893,733892,2010-04-26,2010-05-01,2010-04-30,10342,10347,10346,6,2,3,1,0,1.5495890531963994,1.1903002329343861,0.3372371991402029,7.141801397606317,1.0361285609583923,0.6904083580099144,0.3230033752243499,4.142450148059487,17.1499996185303,16.66666650772095,0.4698461365064187,99.9999990463257,Severe,0.2761548549583599,0.550046485614816,192
733922,733933,733928,2010-05-30,2010-06-10,2010-06-05,10376,10387,10382,12,8,4,0,0,1.656561378859351,1.2360032131299343,0.26527383912689767,14.832038557559212,0.9530321551907512,0.5362094120312962,0.26163815846326194,6.434512944375555,21.0,20.527499834696467,0.5077419018311307,246.3299980163576,Strong,0.12783227903530905,0.16205478181470312,192
733951,733977,733966,2010-06-28,2010-07-24,2010-07-13,10405,10431,10420,27,5,10,11,1,3.3044574895884544,2.503463282365774,0.6281191739051305,67.59350862387589,2.407095952187774,1.6231565432166783,0.6381310243389392,43.82522666685031,26.5499992370605,25.535555592289672,1.1015218771611301,689.4600009918212,Extreme,0.1454310890566874,0.21659788813528125,192
734227,734295,734282,2011-03-31,2011-06-07,2011-05-25,10681,10749,10736,69,23,20,6,17,3.9743618663607414,1.3820333669859013,0.7618583560382116,95.3603023220272,3.3122571145334483,0.8654604159654354,0.7457375954273073,59.716768701615045,22.1299991607666,17.61855071523916,2.097888710154174,1215.679999351502,Extreme,0.06197618110450062,0.2342853722576287,192
734313,734331,734315,2011-06-25,2011-07-13,2011-06-27,10767,10785,10769,19,16,3,0,0,2.4624350273355162,1.4048255696206242,0.42743555099921676,26.69168582279186,1.5870325026973298,0.4911950090340328,0.44444393287713946,9.332705171646623,24.2600002288818,23.87157871848659,0.48169960544972407,453.5599956512452,Strong,0.6359765904927883,0.10267258917760684,192
734366,734375,734374,2011-08-17,2011-08-26,2011-08-25,10820,10829,10828,10,1,3,2,4,3.153130458668535,2.0747822229087065,0.6852131362355061,20.747822229087067,2.551807342037037,1.4882644850207754,0.6762641111193225,14.882644850207754,27.0400009155273,26.149999999999977,0.556561204449678,261.4999999999998,Extreme,0.29367025687878806,1.219561306041496,192
734391,734434,734395,2011-09-11,2011-10-24,2011-09-15,10845,10888,10849,44,22,11,11,0,2.634618673820121,1.5192750572244778,0.588333424167237,66.84810251787702,1.9285810039889668,0.8496041158077664,0.569017138367976,37.382581095541724,24.9300003051758,22.401136354966596,1.4009790033436202,985.6499996185303,Severe,0.44696932264231,0.04739104680290733,192
734438,734489,734474,2011-10-28,2011-12-18,2011-12-03,10892,10943,10928,52,15,27,8,0,2.0260423393085816,1.270980745288946,0.37835063163791144,66.09099875502518,1.4514198672386804,0.7131469783357098,0.3693246558975366,37.08364287345691,17.6900005340576,17.83211537507865,1.1736306343143597,927.2699995040898,Severe,0.03625925161272857,0.10479281800579157,192
734495,734531,734523,2011-12-24,2012-01-29,2012-01-21,10949,10985,10977,37,19,13,5,0,0.8764876696890909,0.6394873861224228,0.15039308747277316,23.661033286529644,0.6169032558317884,0.3238370143754082,0.16420786882316907,11.981969531890103,14.289999961853,14.349459467707453,0.3426600471851483,530.9300003051758,Severe,0.012418469211595564,0.08329078490501583,192
734536,734543,734537,2012-02-03,2012-02-10,2012-02-04,10990,10997,10991,8,5,3,0,0,0.5563082237137156,0.407689489353078,0.07889797110789586,3.261515914824624,0.3285164310085804,0.18475811020020472,0.07562398962302883,1.4780648816016377,13.7600002288818,13.59375,0.09205128216985044,108.75,Strong,0.1897551740240857,0.05588786676087897,192
734547,734564,734563,2012-02-14,2012-03-02,2012-03-01,11001,11018,11017,18,7,9,2,0,0.7792937799148358,0.48994649594077594,0.14236856048004387,8.819036926933967,0.5530002778575902,0.26484234375765936,0.14194447032517318,4.767162187637869,14.0100002288818,13.665000014834938,0.15122650755725459,245.9700002670289,Severe,0.03495245824930571,0.31246496988845845,192
734574,734578,734577,2012-03-12,2012-03-16,2012-03-15,11028,11032,11031,5,2,3,0,0,0.6157243056569808,0.49291198594793534,0.11322943358388474,2.4645599297396767,0.37041956378570795,0.24890328561106329,0.1121131214683125,1.2445164280553165,14.0500001907349,13.910000038146979,0.13190904223134994,69.55000019073489,Strong,0.12575714678291128,0.16618610602663728,192
734583,734603,734590,2012-03-21,2012-04-10,2012-03-28,11037,11057,11044,21,3,6,2,10,1.826402893944147,1.0330041888770236,0.38379060291853256,21.693087966417494,1.5654840161723573,0.7546328267743453,0.38327090729825924,15.847289362261252,15.5900001525879,14.909999983651298,0.46234388114819636,313.10999965667725,Extreme,0.20698551823657568,0.10420342378622031,192
734632,734636,734634,2012-05-09,2012-05-13,2012-05-11,11086,11090,11088,5,2,0,2,1,2.8468543968484994,1.7854278259684697,0.84082216640211,8.927139129842349,2.259806128471162,1.1989288539271221,0.840858908181767,5.994644269635611,19.4899997711182,18.42999992370606,0.8505052930702038,92.1499996185303,Extreme,0.9974595764399062,1.008194798295228,192
734652,734657,734653,2012-05-29,2012-06-03,2012-05-30,11106,11111,11107,6,6,0,0,0,1.1824040021723548,1.0565699829082404,0.13794294111362876,6.339419897449442,0.5025813687232201,0.3741290307814212,0.13682671014457234,2.244774184688527,19.8700008392334,19.906666755676287,0.27022579673027186,119.44000053405772,Moderate,0.3735929302402248,0.11214815090162489,192
734671,734686,734681,2012-06-17,2012-07-02,2012-06-27,11125,11140,11135,16,7,6,3,0,2.8124354088053174,1.849566099840746,0.49019379967754007,29.593057597451935,1.937032884167131,1.0075844633963986,0.48767001226853074,16.121351414342378,24.6100006103516,23.37374985218049,0.7147803435759563,373.97999763488787,Severe,0.15181746576123853,0.3714077343918085,192
734723,734746,734735,2012-08-08,2012-08-31,2012-08-20,11177,11200,11189,24,5,2,4,13,3.9876580727764903,2.4600135248687534,1.0780121810010383,59.040324596850084,3.4079996047481664,1.873757969435833,1.0703713157630812,44.97019126645999,28.1499996185303,26.56708327929179,1.0245790408114392,637.6099987030029,Extreme,0.2852902574895637,0.28142439225831517,192
734753,734758,734755,2012-09-07,2012-09-12,2012-09-09,11207,11212,11209,6,3,3,0,0,1.5696559732180084,1.303711197282268,0.20237015238517989,7.822267183693608,0.8749682149579243,0.6103334488407413,0.20081795450999845,3.6620006930444475,24.3500003814697,24.043333371480315,0.22874039778662802,144.2600002288819,Strong,0.3188141072223843,0.2882289978263723,192
734798,734802,734800,2012-10-22,2012-10-26,2012-10-24,11252,11256,11254,5,3,2,0,0,1.1587678522209686,1.0090830641497681,0.18774119781441084,5.045415320748841,0.5808381849719382,0.4315478712512551,0.1901961980351812,2.1577393562562754,20.2299995422363,20.07999954223632,0.12116102088114566,100.3999977111816,Strong,0.25730062538234505,0.13791170432178745,192
734973,734977,734976,2013-04-15,2013-04-19,2013-04-18,11427,11431,11430,5,1,3,1,0,1.2728749491843825,0.9504258547432378,0.22042106198807151,4.752129273716189,0.8903221314952958,0.5758967270389764,0.20998040599870157,2.879483635194882,15.9799995422363,15.597999954223642,0.2962023399164711,77.9899997711182,Severe,0.25928706919348904,0.5336703341278876,192
734997,735003,735001,2013-05-09,2013-05-15,2013-05-13,11451,11457,11455,7,5,2,0,0,1.4251318721540258,1.074858547339101,0.25566612586472104,7.524009831373707,0.8186457541680987,0.47785254008212014,0.25863461953946554,3.344967780574841,18.2800006866455,17.82571438380653,0.31667292357197563,124.7800006866457,Strong,0.11709495417458705,0.5440631544906409,192
735055,735094,735075,2013-07-06,2013-08-14,2013-07-26,11509,11548,11529,40,17,18,5,0,2.7006434172345237,1.557771712334071,0.42915271614481826,62.31086849336284,2.008515917870337,0.837385425875264,0.4381504777349264,33.49541703501056,26.7399997711182,25.410999965667724,0.6939805527968725,1016.439998626709,Severe,0.09246557787428565,0.1047096623937184,192
735112,735119,735118,2013-09-01,2013-09-08,2013-09-07,11566,11573,11572,8,6,2,0,0,1.5638974932174001,1.2161442203013944,0.21841031899618746,9.729153762411155,0.8754841712213057,0.5412580597785146,0.2135552162823436,4.330064478228117,24.5100002288818,24.3637499809265,0.22599396597638138,194.909999847412,Strong,0.12732604939383607,0.6271553961266226,192
735164,735175,735171,2013-10-23,2013-11-03,2013-10-30,11618,11629,11625,12,5,7,0,0,1.3694449104270525,1.1054198035626925,0.2030705989325838,13.265037642752311,0.8037417750204625,0.5354248549348641,0.20658975056841156,6.42509825921837,19.9099998474121,19.778333504994716,0.26601499861510575,237.3400020599366,Strong,0.11956999853540633,0.1275273826377163,192
735238,735263,735249,2014-01-05,2014-01-30,2014-01-16,11692,11717,11703,26,18,8,0,0,0.684239078610533,0.5059497627441724,0.08145379025215188,13.154693831348482,0.4070646132192657,0.22827182514200436,0.08223961957206455,5.935067453692113,14.210000038147,14.018461594214804,0.20715459796933347,364.4800014495849,Strong,0.03602273447714866,0.029148249494409827,192
735267,735279,735278,2014-02-03,2014-02-15,2014-02-14,11721,11733,11732,13,2,3,7,1,0.9187511026307771,0.6831670820396144,0.15923370653333305,8.881172066514987,0.6977739149524051,0.46125572147794525,0.1613043287567899,5.996324379213288,14.0699996948242,13.856923176692076,0.14688475832376074,180.14000129699699,Extreme,0.05626744695245131,0.31825470228188496,192
735285,735292,735287,2014-02-21,2014-02-28,2014-02-23,11739,11746,11741,8,3,3,2,0,0.8560110519269504,0.5166674095738644,0.2216877574109179,4.133339276590915,0.6295811376264293,0.29062090842953814,0.22147572437651727,2.324967267436305,14.0200004577637,13.693749904632563,0.20754160257195248,109.5499992370605,Severe,0.2633312986760984,0.12547572755977623,192
735329,735350,735336,2014-04-06,2014-04-27,2014-04-13,11783,11804,11790,22,5,9,6,0,1.3141036177409102,0.8431813126566531,0.2566111797598611,18.549988878446367,0.9687737126503908,0.4601906287005862,0.28337950383257166,10.124193831412896,15.7299995422363,15.494090947237872,0.36710981245537405,340.87000083923317,Severe,0.13924221339809553,0.05558462604683632,192
735356,735364,735358,2014-05-03,2014-05-11,2014-05-05,11810,11818,11812,9,7,2,0,0,1.1729160564556658,0.9243147249240509,0.14947876875493282,8.318832524316457,0.6309024626208917,0.36846590691571,0.1579563041969358,3.3161931622413903,17.2199993133545,17.168888939751533,0.23951092935135398,154.52000045776379,Strong,0.26680241640785274,0.13442401684315022,192
735392,735398,735395,2014-06-08,2014-06-14,2014-06-11,11846,11852,11849,7,1,0,1,5,3.647885623538585,3.016171355009468,0.8815361152985156,21.113199485066275,2.920128976145058,2.28716095076179,0.8750422391826052,16.010126655332527,23.6700000762939,23.038571221487853,1.0717732893016696,161.26999855041498,Extreme,0.9089647284813367,0.5388675421623772,192
735483,735632,735524,2014-09-07,2015-02-03,2014-10-18,11937,12086,11978,150,8,23,34,85,3.157203533190682,1.9660214087294343,0.7004915334248669,294.90321130941516,2.5568386570099904,1.4446907454254831,0.6346020186042282,216.70361181382248,22.75,19.125266653696695,3.377162447340061,2868.7899980545044,Extreme,0.06456826275476103,0.026411115602825313,192
735640,735671,735645,2015-02-11,2015-03-14,2015-02-16,12094,12125,12099,32,23,8,0,0,0.6020689488210227,0.37909446808976494,0.11257647257870611,12.131022978872478,0.379193576689687,0.1501160329388036,0.11121816340161318,4.803713054041715,13.75,13.610000073909763,0.14972888740729356,435.5200023651124,Strong,0.06527857184642194,0.01386296782044262,192
735685,735689,735686,2015-03-28,2015-04-01,2015-03-29,12139,12143,12140,5,5,0,0,0,0.4362398657872717,0.34667633715513657,0.0686939899641084,1.733381685775683,0.1724511300363556,0.08016745905721585,0.06856483211715901,0.40083729528607925,14.2299995422363,14.17199974060058,0.08423763539865697,70.8599987030029,Moderate,0.16670449801868395,0.0762416391349104,192
735700,735717,735712,2015-04-12,2015-04-29,2015-04-24,12154,12171,12166,18,4,3,6,5,2.1115996603661067,1.2907913303995993,0.4581931628553136,23.234243947192788,1.6580640239100006,0.8745374802620227,0.45218614703641574,15.741674644716408,17.2299995422363,16.18666654162937,0.6170358284641804,291.35999774932867,Extreme,0.1358433191976505,0.2935674579337263,192
735728,735738,735730,2015-05-10,2015-05-20,2015-05-12,12182,12192,12184,11,5,3,1,2,2.5214659548655796,1.4693347880202536,0.6994408916981469,16.16268266822279,1.9246455038747712,0.8444221289626254,0.7038429065906424,9.28864341858888,19.2700004577637,18.542727210304957,0.7327418829411826,203.96999931335452,Extreme,0.7218487718695435,0.2520249518958868,192
735749,735806,735800,2015-05-31,2015-07-27,2015-07-21,12203,12260,12254,58,6,12,9,29,5.0067087156681644,3.0337805928794586,1.2670744219279468,175.9592743870086,4.210645847935819,2.22456058548874,1.2502841867104957,129.02451395834692,28.7800006866455,24.801034499858993,2.436610585532413,1438.4600009918215,Extreme,0.0822889252913266,0.6142396854673186,192
735813,735827,735818,2015-08-03,2015-08-17,2015-08-08,12267,12281,12272,15,4,2,6,3,2.9408880984283954,1.7331668689400082,0.6560450616134195,25.997503034100124,2.398903975948212,1.1751054587415615,0.6629351249119484,17.62658188112342,27.3700008392334,26.122666803995784,0.6920930323851866,391.84000205993675,Extreme,0.44335681472322397,0.24849501508385094,192
735837,735844,735842,2015-08-27,2015-09-03,2015-09-01,12291,12298,12296,8,3,5,0,0,1.8175303963075642,1.487266460534598,0.2283969710294904,11.898131684276784,1.1621287561232485,0.8435483886349773,0.21865490104309257,6.748387109079818,25.2399997711182,25.012500047683726,0.1867320657879779,200.1000003814698,Strong,0.1897712886247592,0.3154009063420304,192
735856,735863,735858,2015-09-15,2015-09-22,2015-09-17,12310,12317,12312,8,8,0,0,0,1.2511114811339397,1.026238811133482,0.17023423826302006,8.209910489067855,0.5318059121408396,0.303137085514654,0.16784898893187916,2.425096684117232,23.3899993896484,23.048749923706026,0.21653128350891426,184.3899993896482,Moderate,0.23635463549664665,0.11419185747453171,192
735913,735978,735964,2015-11-11,2016-01-15,2016-01-01,12367,12432,12418,66,18,34,6,8,1.8373087040806872,1.2043212344358172,0.2771592361718412,79.48520147276393,1.472322522440317,0.7263240818870206,0.2879582945571107,47.93738940454336,15.8299999237061,16.348636410453107,1.2607536297218425,1079.010003089905,Extreme,0.023113518220158016,0.10761171140821692,192
735984,736018,735994,2016-01-21,2016-02-24,2016-01-31,12438,12472,12448,35,9,8,12,6,1.0729172085808365,0.6691997118918168,0.223908411494724,23.421989916213587,0.8348384672595426,0.4371954131236332,0.22475647750456548,15.301839459327162,14.3199996948242,13.888285691397536,0.23638322342730222,486.0899991989138,Extreme,0.07495891418267345,0.030501437303064455,192
736022,736026,736024,2016-02-28,2016-03-03,2016-03-01,12476,12480,12478,5,5,0,0,0,0.32929397064973465,0.29682140354645553,0.028795418468772555,1.4841070177322777,0.10300046859248901,0.07031623717277924,0.028790425571813077,0.3515811858638962,13.5600004196167,13.528000068664559,0.03655146067447331,67.6400003433228,Moderate,0.08457578242707128,0.03668548211951759,192
736049,736072,736053,2016-03-26,2016-04-18,2016-03-30,12503,12526,12507,24,8,12,1,3,1.2554830470402205,0.7297516861042544,0.24272039397774725,17.514040466502106,0.9890321485458315,0.4192015660706443,0.25238634860317954,10.060837585695463,15.0799999237061,14.868749976158151,0.3675403103649797,356.84999942779564,Extreme,0.17911606984875186,0.03789900853017778,192
736151,736157,736156,2016-07-06,2016-07-12,2016-07-11,12605,12611,12610,7,3,2,2,0,3.003584134541928,2.159115721649197,0.6304000920244075,15.11381005154438,2.085097134497836,1.2296315153623039,0.6384419346900357,8.607420607536127,26.1000003814697,25.09142875671387,0.7788346719543634,175.6400012969971,Severe,0.40063366875839246,1.1848815458353823,192
736176,736180,736179,2016-07-31,2016-08-04,2016-08-03,12630,12634,12633,5,2,3,0,0,1.5081721702476578,1.1028617854010534,0.2832526601072195,5.514308927005267,0.9436130154517492,0.5259871476696425,0.2963762096965082,2.6299357383482125,25.8400001525879,25.40400009155274,0.31677108634252904,127.0200004577637,Strong,0.24865486948830348,0.5853358409600643,192
736195,736248,736221,2016-08-19,2016-10-11,2016-09-14,12649,12702,12675,54,14,17,20,3,3.135829966555324,1.8475399530221461,0.6398432294463838,99.76715746319589,2.4358712473223,1.174830324589992,0.6053456129963665,63.440837527859564,25.5100002288818,24.164814772429285,1.267375188472961,1304.8999977111814,Extreme,0.09239209908703974,0.09304185892121136,192
736263,736274,736270,2016-10-26,2016-11-06,2016-11-02,12717,12728,12724,12,8,4,0,0,1.206668461863341,0.9901289697678969,0.17858621889285534,11.881547637214762,0.6389672310121277,0.42366664025090134,0.17893770672881995,5.083999683010816,19.4799995422363,19.39666668574014,0.27701787832355196,232.7600002288817,Strong,0.09413506782546767,0.13413337294277264,192
736299,736356,736326,2016-12-01,2017-01-27,2016-12-28,12753,12810,12780,58,15,14,10,19,2.0841594423737266,1.2247659151499242,0.5164479977786378,71.0364230786956,1.6799997791167627,0.820757396653444,0.4976023661868733,47.60392900589976,16.2399997711182,15.4839653968811,0.9620684176459747,898.0699930191038,Extreme,0.05361898539876374,0.05999040693079583,192
736360,736365,736364,2017-01-31,2017-02-05,2017-02-04,12814,12819,12818,6,4,2,0,0,0.666307880391015,0.4287304144400439,0.1566542068506625,2.5723824866402634,0.4385160876858798,0.19740873254758048,0.15697840599871243,1.1844523952854829,13.8699998855591,13.648333390553816,0.15539376731904805,81.8900003433229,Strong,0.07660399996282743,0.30186358302997834,192
736372,736445,736431,2017-02-12,2017-04-26,2017-04-12,12826,12899,12885,74,11,28,19,15,2.5676076521738462,0.941046259885975,0.551917628519763,69.63742323156215,2.2272906211114876,0.6604506932452262,0.5187208504712189,48.87335130014674,16.9300003051758,14.70729724780933,1.0365291677796251,1088.3399963378904,Extreme,0.03900323759590157,0.14614770714561845,192
736473,736486,736478,2017-05-24,2017-06-06,2017-05-29,12927,12940,12932,14,2,4,0,8,3.6288989754994283,2.588488098045912,0.8325388076853006,36.23883337264277,2.9519989505891253,1.9075714805708628,0.8305142991689864,26.70600072799208,22.2099990844727,21.33428587232319,1.0378322852857016,298.68000221252464,Extreme,0.49165202910462563,0.30881462207349214,192
736490,736508,736496,2017-06-10,2017-06-28,2017-06-16,12944,12962,12950,19,1,2,7,9,5.255448911394204,3.223814763313315,0.9777975221563621,61.252480502952984,4.5025163465930405,2.435385314475103,1.0023280550113856,46.27232097502696,25.8500003814697,24.145789497777038,0.9675867525960004,458.77000045776373,Extreme,0.5685765796914171,0.36712718952149076,192
736515,736533,736525,2017-07-05,2017-07-23,2017-07-15,12969,12987,12979,19,17,2,0,0,2.021691723975632,1.4355737693245136,0.27818821876140676,27.275901617165758,1.1474836903233552,0.5612189307479912,0.26544644738338286,10.663159684211834,25.4099998474121,24.72473676581131,0.41617793819465176,469.7699985504149,Strong,0.09956816934710302,0.138943058589505,192
736543,736551,736546,2017-08-02,2017-08-10,2017-08-05,12997,13005,13000,9,2,1,5,1,2.20834737190118,1.6569549116963356,0.44948436736948766,14.91259420526702,1.6587742467080453,1.1045807746148835,0.45590558442796975,9.94122697153395,26.5900001525879,26.04555575052897,0.46416277676026424,234.4100017547607,Extreme,0.4632591502519214,0.3626066495678418,192
736566,736573,736571,2017-08-25,2017-09-01,2017-08-30,13020,13027,13025,8,4,4,0,0,1.8943129266345977,1.3527862001284725,0.36743815006242814,10.82228960102778,1.2530958114132318,0.7237661838531588,0.36202862571087485,5.790129470825271,25.4599990844727,25.015000104904175,0.35749112778498643,200.1200008392334,Strong,0.23731963846966247,0.48975513265209114,192
736618,736644,736622,2017-10-16,2017-11-11,2017-10-20,13072,13098,13076,27,26,0,0,0,1.14006637008454,0.815720647676803,0.17455118200594305,22.02445748727368,0.5505155624882114,0.240896076854126,0.17058816530907023,6.5041940750614025,20.5599994659424,19.44111117610225,0.7961450387008149,524.9100017547607,Moderate,0.13393382877284546,0.02935254841440719,192
736801,736813,736812,2018-04-17,2018-04-29,2018-04-28,13255,13267,13266,13,1,2,1,9,3.167464094795166,2.1798708528248985,0.8490083216036375,28.338321086723678,2.672709981856782,1.7389081093572718,0.8241158029403369,22.605805421644533,18.6000003814697,17.238461494445794,1.0243336289430407,224.0999994277953,Extreme,0.25989472190150253,1.5803241440026703,192
736819,736827,736824,2018-05-05,2018-05-13,2018-05-10,13273,13281,13278,9,3,5,1,0,1.7306809373364338,1.223749633002353,0.38042602671683706,11.013746697021176,1.154451954749348,0.6539999015015054,0.37951130773528335,5.885999113513549,18.2700004577637,17.666666666666668,0.49497471685981764,159.0,Severe,0.2075449142063369,0.478375154375816,192
736836,736995,736910,2018-05-22,2018-10-28,2018-08-04,13290,13449,13364,160,29,70,24,37,4.441988835362345,2.185161890777148,0.8626486568292431,349.62590252434364,3.8859991627354304,1.4852386967597493,0.8895019868201246,237.6381914815599,28.7999992370605,24.044500017166136,2.5471127509056077,3847.120002746582,Extreme,0.05209978737788011,0.039189676677448784,192
737003,737041,737013,2018-11-05,2018-12-13,2018-11-15,13457,13495,13467,39,6,23,9,1,2.244231235533693,1.4744083283384293,0.39327567589776985,57.50192480519874,1.6874847412109375,0.9122495312055827,0.39137934464738844,35.57773171701773,19.3700008392334,17.88512797233387,1.142212957479003,697.5199909210208,Extreme,0.14042420128240116,0.059433396685831016,192
737086,737096,737088,2019-01-27,2019-02-06,2019-01-29,13540,13550,13542,11,6,4,0,0,0.5567703589845685,0.40732875108020233,0.1050017665570365,4.480616261882226,0.31270963607300395,0.1718358048246109,0.10193988702099352,1.8901938530707199,13.8299999237061,13.646363605152482,0.12506535366173419,150.1099996566773,Strong,0.09328648102303312,0.030708179991128612,192
737112,737130,737123,2019-02-22,2019-03-12,2019-03-05,13566,13584,13577,19,10,9,0,0,0.5576138790052401,0.4432621795010508,0.07844425635433863,8.421981410519965,0.3269356512254351,0.21213770090825565,0.07591436579326363,4.030616317256857,13.8400001525879,13.70157909393311,0.12799122097294788,260.3300027847291,Strong,0.023383090600641934,0.03178360770244346,192
737165,737169,737168,2019-04-16,2019-04-20,2019-04-19,13619,13623,13622,5,3,2,0,0,0.9900303081297253,0.6929927548696121,0.20024947330222817,3.4649637743480604,0.594064730982593,0.30850326661142125,0.19433825086856008,1.5425163330571063,15.7600002288818,15.402000045776381,0.25182552255696955,77.0100002288819,Strong,0.189244761529505,0.3626902922772999,192
737231,737254,737243,2019-06-21,2019-07-14,2019-07-03,13685,13708,13697,24,4,3,7,10,4.636378874069852,3.000968029879296,1.0741564420869678,72.0232327171031,3.6998718630882514,2.105091190338135,1.038365992282571,50.52218856811523,27.0400009155273,25.311666488647457,1.4627190755379889,607.479995727539,Extreme,0.3053675102665872,0.2825587109359834,192
737259,737268,737265,2019-07-19,2019-07-28,2019-07-25,13713,13722,13719,10,4,2,1,3,3.6183290473679683,2.112853336800354,1.0524115196854713,21.12853336800354,2.904194173505264,1.369586922430227,1.0678297457772672,13.695869224302271,27.6100006103516,26.016999816894543,1.113131364320969,260.1699981689454,Extreme,0.45438251426850557,0.9501193176068367,192
737279,737323,737303,2019-08-08,2019-09-21,2019-09-01,13733,13777,13757,45,14,11,10,9,3.6275298622498653,1.830980660407407,0.8491098542244969,82.39412971833332,2.9721282220655496,1.193247199383261,0.8463788908730332,53.69612397224674,27.0499992370605,25.24511099921332,1.2199536511961326,1136.0299949645994,Extreme,0.12024488894738863,0.13669794698891172,192
737346,737368,737360,2019-10-14,2019-11-05,2019-10-28,13800,13822,13814,23,9,10,4,0,1.9219145579430545,1.2480696148120125,0.413923660536185,28.705601140676286,1.3553541983327229,0.6665553982428364,0.4268058375212863,15.330774159585236,20.6399993896484,20.226521782253094,0.5020791050487647,465.2100009918212,Severe,0.08736671306697007,0.13916786511211168,192
737374,737390,737383,2019-11-11,2019-11-27,2019-11-20,13828,13844,13837,17,16,1,0,0,1.3079993346013339,0.8332275526106782,0.1728405348504044,14.164868394381529,0.7532260033391793,0.2738328369111741,0.17603710061776456,4.655158227489959,18.0100002288818,17.62529395608342,0.4164571367036735,299.62999725341814,Strong,0.08484602911815106,0.10601334914971214,192
737401,737409,737405,2019-12-08,2019-12-16,2019-12-12,13855,13863,13859,9,9,0,0,0,0.8693437740773646,0.7137308590616952,0.09961087948108022,6.423577731555257,0.32974150873002905,0.17487078704285963,0.10495275269833493,1.5738370833857367,15.8999996185303,15.748888757493745,0.17291262972018023,141.7399988174437,Moderate,0.06921319381838151,0.08880836722234105,192
737414,737483,737458,2019-12-21,2020-02-28,2020-02-03,13868,13937,13912,70,15,24,25,6,1.1868866042666557,0.7568214371573596,0.19312686282236344,52.97750060101517,0.9567738932948249,0.47325810265431323,0.18711979668591516,33.128067185801925,14.3999996185303,14.270857143402099,0.4873243213334663,998.9600000381469,Extreme,0.013694679851143038,0.03529709600172085,192
737495,737508,737502,2020-03-11,2020-03-24,2020-03-18,13949,13962,13956,14,2,7,3,2,1.174239494879581,0.7181096798831055,0.2335910464555678,10.053535518363477,0.9293549199257605,0.47327421996998037,0.23464840169419116,6.625839079579725,14.6700000762939,14.212142876216328,0.22935241171389864,198.97000026702858,Extreme,0.09840073247395852,0.1471440820864241,192
737519,737544,737526,2020-04-04,2020-04-29,2020-04-11,13973,13998,13980,26,6,9,3,7,1.6195092989687048,1.0416094129727467,0.3722313143771721,27.081844737291412,1.2849035201534331,0.6561862247457527,0.39246009830563977,17.06084184338957,15.9300003051758,15.706923228043772,0.5120679890042931,408.38000392913807,Extreme,0.18883461297136464,0.0636503222926428,192
737564,737579,737567,2020-05-19,2020-06-03,2020-05-22,14018,14033,14021,16,0,15,1,0,2.216304944918445,1.745376140800254,0.22455174183770274,27.926018252804063,1.5534830277965384,1.0744997178354514,0.22749375051720458,17.191995485367222,20.0499992370605,20.05999982357025,0.5066434654564819,320.959997177124,Severe,0.4710190620072621,0.08708534870911634,192
737599,737604,737601,2020-06-23,2020-06-28,2020-06-25,14053,14058,14055,6,4,2,0,0,2.004168910149833,1.5052434355972892,0.29966679320751627,9.031460613583736,1.149806533321275,0.648247054315385,0.3049712201925595,3.8894823258923097,23.5900001525879,23.143333117167156,0.2974145256805235,138.85999870300293,Strong,0.4468502336394998,0.3022314670866041,192
737611,737667,737637,2020-07-05,2020-08-30,2020-07-31,14065,14121,14091,57,22,14,12,8,3.200266695298655,1.6361171761970996,0.5709802822641254,93.25867904323468,2.598581141810243,0.947000575214033,0.6453258647245287,53.979032787199884,27.4400005340576,25.51035091333222,0.9001596625519458,1454.0900020599365,Extreme,0.08581282968030775,0.07100321254984174,192
737671,737701,737686,2020-09-03,2020-10-03,2020-09-18,14125,14155,14140,31,6,11,6,8,3.6991873635807266,2.1408901768480186,0.8142944414989418,66.36759548228858,2.9747099845639724,1.4351279239872898,0.8003871277841665,44.48896564360599,25.7600002288818,24.207096653599894,1.0397245893064835,750.4199962615967,Extreme,0.18537355434553354,0.2020835403223591,192
737741,737763,737748,2020-11-12,2020-12-04,2020-11-19,14195,14217,14202,23,17,6,0,0,1.2841278311811486,0.9921717819131733,0.17976045222961282,22.819950984002986,0.7299996652910608,0.428291657328782,0.18258341901435807,9.850708118561986,18.0699996948242,17.45826082644256,0.631806615583799,401.53999900817894,Strong,0.08726589091872962,0.03689643341310288,192
737777,737783,737782,2020-12-18,2020-12-24,2020-12-23,14231,14237,14236,7,6,0,1,0,1.5176116579692458,0.9000142281162609,0.260747490951149,6.300099596813826,1.0558707975572101,0.4240783014605129,0.2645826495432829,2.9685481102235904,15.9099998474121,15.398571423121856,0.254974954756008,107.789999961853,Severe,0.17066876491211147,0.6471479568253938,192
